<?xml version="1.0" encoding="UTF-8"?>
	<!DOCTYPE mapper
	PUBLIC "-//mybatis.org//DTD Mapper 3.0//EN"
	"http://mybatis.org/dtd/mybatis-3-mapper.dtd">

<mapper namespace="product.mybatis.coconutMapper">
	
	<select id="getPassword1" parameterType="java.util.HashMap" resultType="AccountDTO">
		${sql }
	</select>
	
	<select id="getPassword2" parameterType="AccountDTO" resultType="AccountDTO">
		select * from bank_member where id=#{id} and passwd2 = #{passwd2}
	</select>
	
	<select id="getPassword3" parameterType="ThirdDTO" resultType="ThirdDTO">
		select * from third_pass where num=#{num} and key=#{key}
	</select>

	<insert id="insertCoconut" parameterType="String">
		insert into coconut values(coconut_seq.nextval, #{id}, sysdate)
	</insert>
	
	<select id="getId" parameterType="String" resultType="CoconutDTO">
		select * from coconut where id=#{id}
	</select>
	
	<delete id="deleteCoconut" parameterType="String">
		delete from coconut where id = #{id}
	</delete>

	<select id="listCoconut" resultType="CoconutDTO">
		select * from coconut order by num desc
	</select>

	<insert id="newAccount" parameterType="MyAccountDTO">
		insert into myaccount values(#{num}, #{id}, #{bank}, #{kind}, #{name}, #{accountNum}, #{duration}, #{money}, #{interest}, sysdate)
	</insert>

	<select id="listMyAccount" parameterType="String" resultType="MyAccountDTO">
		select * from myaccount where id=#{id}
	</select>

	<select id="isMyAccount" parameterType="AccountDTO" resultType="Integer">
		select count(*) from myaccount where id=#{id} and num=#{num}
	</select>
	
	<select id="myAccountContent" parameterType="MyAccountDTO" resultType="MyAccountDTO">
		select * from myaccount where id=#{id} and num=#{num}
	</select>
	
	<select id="checkAccountNum" parameterType="String" resultType="Integer">
		select count(*) from myaccount where accountNum=#{accountNum}
	</select>
	<!-- <insert id="insertProduct" parameterType="ProductDTO">
		insert into fin_product
		values(fin_product_seq.nextval,#{name},#{kind},#{content},
		#{member},#{duration},#{money},#{interest},#{method},#{join},#{note},#{filename},#{filesize})
	</insert>

	<select id="listProduct" resultType="ProductDTO">
		select * from fin_product order by num desc
	</select>

	<select id="getProduct" resultType="ProductDTO">
		select * from fin_product where num = #{num}
	</select>

	<delete id="deleteProduct" parameterType="int">
		delete from fin_product	where num = #{num}
	</delete>

	<update id="updateProduct" parameterType="ProductDTO">
		update fin_product set kind=#{kind}, name=#{name}, content=#{content}, member=#{member}, duration=#{duration}, 
		money=#{money}, interest=#{interest}, method=#{method}, join=#{join}, note=#{note} where num=#{num}
	</update>

	<select id="checkPass" parameterType="int" resultType="BoardDTO"> 
	select * from spring_board where num = #{num}
	</select>
	
	<update id="updateBoard" parameterType="BoardDTO"> 
	update spring_board set writer=#{writer}, email=#{email},
		subject=#{subject}, content=#{content} where num = #{num}
	</update>
	
	<update id="updateCount" parameterType="int"> 
	update spring_board set	readcount =	readcount + 1 where num = #{num}
	</update> -->

</mapper>
	
	
	
	
	
	