<?xml version="1.0" encoding="UTF-8"?>
	<!DOCTYPE mapper
	PUBLIC "-//mybatis.org//DTD Mapper 3.0//EN"
	"http://mybatis.org/dtd/mybatis-3-mapper.dtd">

<mapper namespace="product.mybatis.prodMapper">
	<insert id="insertProduct" parameterType="ProductDTO">
		insert into fin_product
		values(fin_product_seq.nextval,#{bank},#{location},#{name},#{kind},#{content},
		#{member},#{duration},#{money},#{interest},#{method},#{join},#{note})
	</insert>

	<select id="listProduct" resultType="ProductDTO">
		select * from fin_product order by num desc
	</select>

	<select id="getProduct" resultType="ProductDTO">
		select * from fin_product where num = #{num}
	</select>

	<delete id="deleteProduct" parameterType="int">
		delete from fin_product	where num = #{num}
	</delete>

	<update id="updateProduct" parameterType="ProductDTO">
		update fin_product set kind=#{kind}, bank=#{bank}, location=#{location}, name=#{name}, content=#{content}, member=#{member}, duration=#{duration}, 
		money=#{money}, interest=#{interest}, method=#{method}, join=#{join}, note=#{note} where num=#{num}
	</update>
	
	<select id="getPasswordCheck" parameterType="String" resultType="String">
		select passwd from bank_member where id = #{id}
	</select>

	<!-- <select id="checkPass" parameterType="int" resultType="BoardDTO"> 
	select * from spring_board where num = #{num}
	</select>
	
	<update id="updateBoard" parameterType="BoardDTO"> 
	update spring_board set writer=#{writer}, email=#{email},
		subject=#{subject}, content=#{content} where num = #{num}
	</update>
	
	<update id="updateCount" parameterType="int"> 
	update spring_board set	readcount =	readcount + 1 where num = #{num}
	</update> -->

</mapper>
	
	
	
	
	
	