<?xml version="1.0" encoding="UTF-8" ?>
	<!DOCTYPE mapper
	PUBLIC "-//mybatis.org//DTD Mapper 3.0//EN"
	"http://mybatis.org/dtd/mybatis-3-mapper.dtd">
	
	<mapper namespace="bot.mybatis.botMapper">
		<select id="botAnswerList" resultType="BotDTO">
			select * from bot order by bot_no asc
		</select>
		
		<insert id="insertAnswerBot" parameterType="BotDTO">
			insert into bot values(bot_seq.nextval, #{bot_no}, #{bot_title}, #{bot_content})
		</insert> 
		
		<delete id="deleteAnswerBot" parameterType="String">
			delete from bot where bot_no = #{bot_no}
		</delete>
		
		<update id = "updateAnswerBot" parameterType="java.util.HashMap">
			 ${sql}
		</update>

		<select id = "getAnswerBot" resultType = "BotDTO">
			${sql}
		</select>
		
		<select id = "checkAnswerBot" parameterType="java.util.HashMap" resultType = "BotDTO">
			${sql}
		</select>
		
		
		
	</mapper>
