<?xml version="1.0" encoding="UTF-8"?>
<beans xmlns="http://www.springframework.org/schema/beans"
	xmlns:xsi="http://www.w3.org/2001/XMLSchema-instance"
	xmlns:context="http://www.springframework.org/schema/context"
	xsi:schemaLocation="http://www.springframework.org/schema/beans http://www.springframework.org/schema/beans/spring-beans.xsd
		http://www.springframework.org/schema/context http://www.springframework.org/schema/context/spring-context-3.1.xsd">

	<context:annotation-config/>
	
	<bean id = "multipartResolver" 
		class = "org.springframework.web.multipart.commons.CommonsMultipartResolver"/>
		
	<bean id="viewResolver"	
					class="org.springframework.web.servlet.view.InternalResourceViewResolver">
			<property name="prefix">
				<value>WEB-INF/spring/</value>
			</property>
			<property name="suffix">
				<value>.jsp</value>
			</property>
		</bean>


<bean class = "main.controller.MainController">
   </bean>
   
    <!-- mail bean -->
    <bean id="mailSender" class="org.springframework.mail.javamail.JavaMailSenderImpl">
     <property name="host" value="smtp.gmail.com"/>
     <property name="port" value="587"/>
     <property name="username" value="sky23795136@gmail.com"/>
     <property name="password" value="01023795136"/>
     <property name="javaMailProperties">
      <props>
       <prop key="mail.smtp.auth">true</prop>
       <prop key="mail.smtp.starttls.enable">true</prop>
       <prop key="mail.smtp.timeout">8500</prop>
       <prop key="mail.debug">true</prop> 
   </props>
 </property>
 </bean>   
	
	<bean class = "news.controller.NewsController">
	</bean>
	
	<bean id="newsDAO" class="news.dao.NewsDAOImpl">
	</bean>
	
	<bean class = "notice.controller.NoticeController">
	</bean>
	
	<bean id="noticeDAO" class="notice.dao.NoticeDAOImpl">
	</bean>
	
	<bean class="member.controller.MemberAnoController">
	</bean>
	
	<bean id ="memberDAO" class="member.dao.MemberDAOImpl"/>
	
	<bean class="oneqna.controller.OneqnaAnoController">
	</bean>
	
	<bean id="oneqnaDAO" class="oneqna.dao.OneqnaDAOImpl">
	</bean>
	
	<bean class="bot.controller.BotController">
	</bean>
	
	<bean id ="botDAO" class="bot.dao.BotDAOImpl"/>
	<bean class="oneqna_email.controller.Oneqna_emailController"/>
   <bean id="oneqna_emailDAO" class="oneqna_email.dao.Oneqna_emailDAOImpl"/>

   <bean id="mailserviceDAO" class="mail.dao.MailServiceImpl">
   </bean>
   
    <bean class="call.controller.CallAnoController">
   </bean>   
   <bean id="callDAO" class="call.dao.CallDAOImpl">
   </bean>

	<!-- fin_product, coconut beans -->
	<bean class="finProd.controller.FinProdAnoController"/>
	<bean class="finProd.dao.FinProdDAOImpl" id="finProdDAO"/>
	<bean class="coconut.controller.ProductController"/>
	<bean class="coconut.controller.CoconutController"/>
	<bean class="coconut.controller.AccountController"/>
	<bean class="product.dao.ProductDAOImpl" id="productDAO"/>
	<bean class="account.dao.AccountDAOImpl" id="accountDAO"/>
</beans>
